Container, 0, 0, 0, 0.009834, 0.009834, 0
Container, 0, MPI, 0, 0.009834, 0.009834, rank-8
Container, 0, MPI, 0, 0.009834, 0.009834, rank-7
Container, 0, MPI, 0, 0.009834, 0.009834, rank-6
Container, 0, MPI, 0, 0.009834, 0.009834, rank-5
Container, 0, MPI, 0, 0.009834, 0.009834, rank-4
Container, 0, MPI, 0, 0.009834, 0.009834, rank-3
Container, 0, MPI, 0, 0.009834, 0.009834, rank-2
Container, 0, MPI, 0, 0.009834, 0.009834, rank-1
Container, 0, MPI, 0, 0.009834, 0.009834, rank-9
Container, 0, MPI, 0, 0.009834, 0.009834, rank-0
